Date,One Prize,Two Top,Three Top,Two Low,Three Fronts/Three Bottoms 1,Three Fronts/Three Bottoms 2,Three Fronts/Three Bottoms 3,Three Fronts/Three Bottoms 4
16/05/2566,132903,03,903,99,678,739,739,731
02/05/2566,843019,19,019,65,500,780,780,269
16/04/2566,984906,06,906,71,670,678,678,797
01/04/2566,087907,07,907,99,111,914,914,698
16/03/2566,025873,73,873,73,420,800,800,544
01/03/2566,417652,52,652,55,577,919,919,984
16/02/2566,590417,17,417,80,195,664,664,523
01/02/2566,297411,11,411,92,181,789,789,664
17/01/2566,812519,19,519,47,389,443,443,849
30/12/2565,157196,96,196,58,007,522,522,425
16/12/2565,845093,93,093,14,411,912,912,855
01/12/2565,375805,05,805,08,170,786,786,421
16/11/2565,121789,89,789,64,532,722,722,973
01/11/2565,913106,06,106,70,722,839,839,922
16/10/2565,613106,06,106,15,037,158,158,799
01/10/2565,484669,69,669,50,206,996,996,278
16/09/2565,943703,03,703,75,540,971,971,631
01/09/2565,929332,32,332,83,298,725,725,604
16/08/2565,331583,83,583,42,271,300,300,876
01/08/2565,436594,94,594,14,266,893,893,447
16/07/2565,620405,05,405,53,159,834,834,279
01/07/2565,981417,17,417,61,242,287,287,542
16/06/2565,361807,07,807,92,285,549,549,228
01/06/2565,319196,96,196,02,679,817,817,652
16/05/2565,155012,12,012,06,247,736,736,540
02/05/2565,658642,42,642,09,518,778,778,325
16/04/2565,395919,19,919,58,289,859,859,508
01/04/2565,970618,18,618,10,391,738,738,870
16/03/2565,737867,67,867,03,349,985,985,989
01/03/2565,061905,05,905,07,236,834,834,691
17/02/2565,098597,97,597,57,085,644,644,816
01/02/2565,944308,08,308,30,061,942,942,509
17/01/2565,880159,59,159,92,731,786,786,529
30/12/2564,819068,68,068,36,591,979,979,547
16/12/2564,639235,35,235,83,097,629,629,522
01/12/2564,077258,58,258,82,739,740,740,485
16/11/2564,032761,61,761,57,471,648,648,844
01/11/2564,045037,37,037,95,247,458,458,755
16/10/2564,386372,72,372,38,602,964,964,798
01/10/2564,578171,71,171,83,285,361,361,449
16/09/2564,070935,35,935,90,609,817,817,379
01/09/2564,114475,75,475,79,278,302,302,458
16/08/2564,046750,50,750,23,421,666,666,355
01/08/2564,910261,61,261,69,103,307,307,785
16/07/2564,556725,25,725,70,058,174,174,927
01/07/2564,713517,17,517,29,073,794,794,511
16/06/2564,691861,61,861,17,007,054,054,668
01/06/2564,292972,72,972,45,193,620,620,978
16/05/2564,684579,79,579,14,615,843,843,970
02/05/2564,501272,72,272,18,018,306,306,498
16/04/2564,100787,87,787,56,013,143,143,478
01/04/2564,472270,70,270,05,283,755,755,577
16/03/2564,890422,22,422,19,036,902,902,396
01/03/2564,835538,38,538,73,290,838,838,806
16/02/2564,424603,03,603,39,318,861,861,817
01/02/2564,912307,07,307,97,248,605,605,651
17/01/2564,384395,95,395,15,367,653,653,878
30/12/2563,803628,28,628,19,336,804,804,924
16/12/2563,201303,03,303,70,377,828,828,517
01/12/2563,100994,94,994,84,093,776,776,984
16/11/2563,972661,61,661,46,368,741,741,255
01/11/2563,506404,04,404,40,154,598,598,245
16/10/2563,286051,51,051,38,189,464,464,980
01/10/2563,837893,93,893,59,594,757,757,595
16/09/2563,244083,83,083,57,127,220,220,853
01/09/2563,999997,97,997,98,636,725,725,957
16/08/2563,945811,11,811,88,614,712,712,733
01/08/2563,569391,91,391,92,575,931,931,809
16/07/2563,873286,86,286,53,510,533,533,682
01/07/2563,347258,58,258,83,095,362,362,307
16/06/2563,516967,67,967,64,876,882,882,625
01/06/2563,831567,67,567,24,264,489,489,582
01/04/2563,051095,95,095,22,285,430,430,364
16/03/2563,503446,46,446,77,258,726,726,661
01/03/2563,875938,38,938,98,294,328,328,780
16/02/2563,781403,03,403,94,515,952,952,918
01/02/2563,589227,27,227,06,259,552,552,927
17/01/2563,491774,74,774,68,004,132,132,595
30/12/2562,510541,41,541,81,116,382,382,250
16/12/2562,529924,24,924,97,043,138,138,665
01/12/2562,453522,22,522,81,261,617,617,457
16/11/2562,017223,23,223,32,164,640,640,194
01/11/2562,967375,75,375,79,323,806,806,206
16/10/2562,812564,64,564,15,255,625,625,598
01/10/2562,691197,97,197,59,392,920,920,797
16/09/2562,340388,88,388,85,733,947,947,939
01/09/2562,798787,87,787,20,210,847,847,439
16/08/2562,775476,76,476,89,149,912,912,580
01/08/2562,387006,06,006,58,135,983,983,795
15/07/2562,369765,65,765,88,355,901,901,556
01/07/2562,943647,47,647,86,239,864,864,375
16/06/2562,174055,55,055,29,625,884,884,800
01/06/2562,516461,61,461,46,589,713,713,560
16/05/2562,962526,26,526,71,669,949,949,828
02/05/2562,061324,24,324,25,043,476,476,699
16/04/2562,570331,31,331,23,512,930,930,968
01/04/2562,109767,67,767,52,888,959,959,975
16/03/2562,724628,28,628,64,148,883,883,877
01/03/2562,345650,50,650,65,137,999,999,837
16/02/2562,074824,24,824,56,881,910,910,879
01/02/2562,967134,34,134,04,643,779,779,948
17/01/2562,197079,79,079,65,206,412,412,660
30/12/2561,735867,67,867,02,031,913,913,884
16/12/2561,356564,64,564,62,480,948,948,369
01/12/2561,021840,40,840,67,045,307,307,988
16/11/2561,989903,03,903,16,471,930,930,876
01/11/2561,149840,40,840,58,384,576,576,509
16/10/2561,200515,15,515,93,186,392,392,212
01/10/2561,452643,43,643,99,594,726,726,810
16/09/2561,149760,60,760,79,323,539,539,297
01/09/2561,734510,10,510,26,464,512,512,202
16/08/2561,586117,17,117,10,340,670,670,815
01/08/2561,386602,02,602,78,832,903,903,726
16/07/2561,596324,24,324,27,403,530,530,362
01/07/2561,963623,23,623,83,429,901,901,217
16/06/2561,223131,31,131,46,432,507,507,868
01/06/2561,988117,17,117,95,310,553,553,650
16/05/2561,075629,29,629,20,130,357,357,506
02/05/2561,248038,38,038,85,527,980,980,602
16/04/2561,739229,29,229,60,273,654,654,526
01/04/2561,412073,73,073,85,131,787,787,924
16/03/2561,218559,59,559,82,064,720,720,489
02/03/2561,759415,15,415,29,318,870,870,723
16/02/2561,309915,15,915,39,007,388,388,748
01/02/2561,026853,53,853,31,106,947,947,519
17/01/2561,203823,23,823,50,624,799,799,397
30/12/2560,911234,34,234,98,373,495,495,953
16/12/2560,955596,96,596,89,616,836,836,938
01/12/2560,451005,05,005,33,303,626,626,601
16/11/2560,292391,91,391,98,831,961,961,628
01/11/2560,533726,26,726,85,165,425,425,485
16/10/2560,413494,94,494,86,180,971,971,287
01/10/2560,880714,14,714,52,611,726,726,952
16/09/2560,170143,43,143,71,172,647,647,388
01/09/2560,143224,24,224,65,345,679,679,278
16/08/2560,715431,31,431,37,115,302,302,945
01/08/2560,756519,19,519,36,061,386,386,989
16/07/2560,820327,27,327,87,584,835,835,823
01/07/2560,112360,60,360,26,226,489,489,688
16/06/2560,943142,42,142,47,626,878,878,740
01/06/2560,053630,30,630,61,121,218,218,881
16/05/2560,454891,91,891,53,008,396,396,603
02/05/2560,008656,56,656,35,573,949,949,923
16/04/2560,816729,29,729,40,766,973,973,807
01/04/2560,392785,85,785,80,020,057,057,709
16/03/2560,273863,63,863,92,324,918,918,941
01/03/2560,978453,53,453,78,450,560,560,577
16/02/2560,229116,16,116,14,128,464,464,953
01/02/2560,054672,72,672,42,066,807,807,628
17/01/2560,145157,57,157,25,511,663,663,836
30/12/2559,377712,12,712,46,304,890,890,769
16/12/2559,435286,86,286,35,366,596,596,716
01/12/2559,086069,69,069,77,513,873,873,450
16/11/2559,858383,83,383,44,040,682,682,570
01/11/2559,785438,38,438,86,824,976,976,752
16/10/2559,571947,47,947,98,692,885,885,587
01/10/2559,887102,02,102,33,194,280,280,458
16/09/2559,240650,50,650,42,493,583,583,160
01/09/2559,638684,84,684,62,334,335,335,669
16/08/2559,254004,04,004,33,366,966,966,631
01/08/2559,272932,32,932,57,538,983,983,871
16/07/2559,449764,64,764,55,552,734,734,925
01/07/2559,082460,60,460,53,169,609,609,302
16/06/2559,073816,16,816,79,251,804,804,749
01/06/2559,511825,25,825,14,111,775,775,937
16/05/2559,141737,37,737,98,382,975,975,268
02/05/2559,399459,59,459,02,238,403,403,671
16/04/2559,221609,09,609,87,008,228,228,523
01/04/2559,066720,20,720,92,390,546,546,852
16/03/2559,134918,18,918,32,855,877,877,973
01/03/2559,439686,86,686,06,426,530,530,743
16/02/2559,356364,64,364,98,312,699,699,535
01/02/2559,927800,00,800,09,625,999,999,076
17/01/2559,304371,71,371,50,031,532,532,786
30/12/2558,008217,17,217,02,246,264,264,895
17/12/2558,930255,55,255,08,140,250,250,638
01/12/2558,915350,50,350,78,238,181,181,175
16/11/2558,795283,83,283,03,241,028,028,802
01/11/2558,361211,11,211,45,106,757,757,473
16/10/2558,968630,30,630,62,457,134,134,054
01/10/2558,594825,25,825,07,175,918,918,799
16/09/2558,743148,48,148,06,435,209,209,084
01/09/2558,021094,94,094,89,260,403,403,819
16/08/2558,033363,63,363,40,781,227,227,648
01/08/2558,518677,77,677,53,333,598,598,889
16/07/2558,121507,07,507,49,761,461,461,294
01/07/2558,759049,49,049,26,565,814,814,567
16/06/2558,644742,42,742,05,429,253,253,532
02/06/2558,388881,81,881,65,314,700,700,969
16/05/2558,011421,21,421,38,799,484,484,928
02/05/2558,543466,66,466,30,818,163,163,195
16/04/2558,506260,60,260,38,101,164,164,973
01/04/2558,605704,04,704,70,558,962,962,861
16/03/2558,048151,51,151,92,339,622,622,757
01/03/2558,240237,37,237,34,498,031,031,008
16/02/2558,001864,64,864,90,843,103,103,392
01/02/2558,155537,37,537,79,083,286,286,008
16/01/2558,244351,51,351,74,068,398,398,877
30/12/2557,461704,04,704,57,853,982,982,950
16/12/2557,948354,54,354,90,080,763,763,901
01/12/2557,480449,49,449,11,820,380,380,161
16/11/2557,479804,04,804,25,179,422,422,709
01/11/2557,206608,08,608,44,607,203,203,979
16/10/2557,656409,09,409,94,647,784,784,910
01/10/2557,375615,15,615,44,251,086,086,520
16/09/2557,772269,69,269,35,112,257,257,790
01/09/2557,856763,63,763,22,308,912,912,490
16/08/2557,662842,42,842,91,639,912,912,633
01/08/2557,766391,91,391,82,349,576,576,637
16/07/2557,468728,28,728,45,104,944,944,205
01/07/2557,378477,77,477,39,123,271,271,864
16/06/2557,673920,20,920,95,158,140,140,576
01/06/2557,781198,98,198,18,160,324,324,636
16/05/2557,087523,23,523,20,150,505,505,246
02/05/2557,103297,97,297,52,143,158,158,797
16/04/2557,153406,06,406,26,344,013,013,634
01/04/2557,028866,66,866,95,186,499,499,938
16/03/2557,531404,04,404,79,250,305,305,904
01/03/2557,906318,18,318,35,116,537,537,798
16/02/2557,384245,45,245,01,397,530,530,521
01/02/2557,180149,49,149,95,406,492,492,976
16/01/2557,306902,02,902,52,242,077,077,510
30/12/2556,561072,72,072,48,513,750,750,275
16/12/2556,341767,67,767,79,111,228,228,826
01/12/2556,168795,95,795,27,734,766,766,980
16/11/2556,806925,25,925,28,069,304,304,753
01/11/2556,739804,04,804,47,502,020,020,173
16/10/2556,963289,89,289,60,402,529,529,952
01/10/2556,647882,82,882,14,576,324,324,028
16/09/2556,562684,84,684,63,056,235,235,754
01/09/2556,548123,23,123,05,281,570,570,045
16/08/2556,321327,27,327,20,417,945,945,201
01/08/2556,356435,35,435,82,880,451,451,329
16/07/2556,566996,96,996,86,352,210,210,526
01/07/2556,646905,05,905,51,075,284,284,904
16/06/2556,289673,73,673,69,390,098,098,502
01/06/2556,935489,89,489,90,480,713,713,768
16/05/2556,687125,25,125,56,034,261,261,945
02/05/2556,603458,58,458,07,272,359,359,830
16/04/2556,843846,46,846,86,834,862,862,828
01/04/2556,571688,88,688,53,170,430,430,725
16/03/2556,968433,33,433,52,860,959,959,529
01/03/2556,976241,41,241,37,972,721,721,775
16/02/2556,368257,57,257,09,657,708,708,386
01/02/2556,565566,66,566,66,452,695,695,782
16/01/2556,820981,81,981,08,555,196,196,334
30/12/2555,302358,58,358,00,589,864,864,832
16/12/2555,529524,24,524,72,734,745,745,008
01/12/2555,110443,43,443,43,434,553,553,303
16/11/2555,639500,00,500,15,576,560,560,627
01/11/2555,524694,94,694,63,217,188,188,338
16/10/2555,281343,43,343,28,152,089,089,868
01/10/2555,124025,25,025,58,940,554,554,873
16/09/2555,540143,43,143,79,242,752,752,770
01/09/2555,329997,97,997,07,736,598,598,639
16/08/2555,683877,77,877,28,032,612,612,730
01/08/2555,895590,90,590,50,820,599,599,745
16/07/2555,904050,50,050,11,897,224,224,042
01/07/2555,915900,00,900,60,715,656,656,611
16/06/2555,159373,73,373,51,238,790,790,547
01/06/2555,882727,27,727,38,606,576,576,399
16/05/2555,814418,18,418,31,504,309,309,101
02/05/2555,889501,01,501,29,589,597,597,468
16/04/2555,583470,70,470,62,216,088,088,754
01/04/2555,257562,62,562,69,581,074,074,332
16/03/2555,607064,64,064,08,606,333,333,350
01/03/2555,222518,18,518,79,295,135,135,199
16/02/2555,648684,84,684,18,906,214,214,420
01/02/2555,320605,05,605,32,749,426,426,598
16/01/2555,451445,45,445,81,328,150,150,639
30/12/2554,526402,02,402,65,168,026,026,597
16/12/2554,884178,78,178,21,784,235,235,295
01/12/2554,408147,47,147,02,922,253,253,739
16/11/2554,997777,77,777,57,425,551,551,993
01/11/2554,805540,40,540,54,771,380,380,221
16/10/2554,955756,56,756,83,991,057,057,507
01/10/2554,511052,52,052,15,957,104,104,499
16/09/2554,731198,98,198,28,384,645,645,589
01/09/2554,724533,33,533,85,847,021,021,821
16/08/2554,536960,60,960,62,814,345,345,005
01/08/2554,218756,56,756,12,703,583,583,221
16/07/2554,116556,56,556,12,227,052,052,609
01/07/2554,622953,53,953,51,390,160,160,463
16/06/2554,351276,76,276,88,486,167,167,582
01/06/2554,562370,70,370,46,656,346,346,556
16/05/2554,406417,17,417,05,700,044,044,889
02/05/2554,054136,36,136,85,421,945,945,524
16/04/2554,825988,88,988,44,263,213,213,593
01/04/2554,814931,31,931,01,723,584,584,036
16/03/2554,593331,31,331,96,209,945,945,737
01/03/2554,656037,37,037,97,544,357,357,396
16/02/2554,481746,46,746,27,535,510,510,388
01/02/2554,610089,89,089,55,596,361,361,432
16/01/2554,281062,62,062,23,227,185,185,546
30/12/2553,884112,12,112,49,936,153,153,933
16/12/2553,334380,80,380,24,529,315,315,306
01/12/2553,181752,52,752,09,664,470,470,086
16/11/2553,813993,93,993,43,763,979,979,129
01/11/2553,191100,00,100,59,653,968,968,739
16/10/2553,621377,77,377,42,310,518,518,872
01/10/2553,488372,72,372,02,091,996,996,246
16/09/2553,017422,22,422,66,103,316,316,075
01/09/2553,354656,56,656,11,784,570,570,096
16/08/2553,911097,97,097,64,986,578,578,689
01/08/2553,210008,08,008,10,769,182,182,191
16/07/2553,180387,87,387,34,309,219,219,024
01/07/2553,480239,39,239,68,893,450,450,961
16/06/2553,500104,04,104,73,200,628,628,816
01/06/2553,444874,74,874,81,374,298,298,673
16/05/2553,480012,12,012,12,293,151,151,008
02/05/2553,360371,71,371,06,382,040,040,618
16/04/2553,211743,43,743,96,811,744,744,285
01/04/2553,959517,17,517,22,174,663,663,040
16/03/2553,364222,22,222,97,619,996,996,756
01/03/2553,215227,27,227,97,457,627,627,470
16/02/2553,133707,07,707,03,137,026,026,985
01/02/2553,186312,12,312,14,936,577,577,403
16/01/2553,073577,77,577,67,413,459,459,646
30/12/2552,994304,04,304,87,993,337,337,598
16/12/2552,685141,41,141,05,694,775,775,142
01/12/2552,776980,80,980,59,937,188,188,252
16/11/2552,055986,86,986,58,299,952,952,536
01/11/2552,689140,40,140,85,366,923,923,465
16/10/2552,258487,87,487,00,174,135,135,122
01/10/2552,169387,87,387,06,249,435,435,255
16/09/2552,202912,12,912,48,200,353,353,166
01/09/2552,015865,65,865,32,435,447,447,924
16/08/2552,462933,33,933,96,843,292,292,658
01/08/2552,154986,86,986,92,688,239,239,374
16/07/2552,000816,16,816,94,005,177,177,836
01/07/2552,207542,42,542,66,233,107,107,385
16/06/2552,930456,56,456,15,125,044,044,179
01/06/2552,777661,61,661,26,242,097,097,642
16/05/2552,111411,11,411,54,368,838,838,892
02/05/2552,294452,52,452,11,222,549,549,301
16/04/2552,368415,15,415,33,954,179,179,570
01/04/2552,816578,78,578,50,572,363,363,044
16/03/2552,268812,12,812,36,228,929,929,063
01/03/2552,553091,91,091,67,224,238,238,295
16/02/2552,038730,30,730,93,961,939,939,434
01/02/2552,534533,33,533,69,660,777,777,427
16/01/2552,743212,12,212,25,266,800,800,885
30/12/2551,218596,96,596,22,094,197,197,984
16/12/2551,074114,14,114,25,305,715,715,959
01/12/2551,205434,34,434,05,013,260,260,957
16/11/2551,002612,12,612,20,068,589,589,877
01/11/2551,272028,28,028,76,285,333,333,929
16/10/2551,431277,77,277,98,324,526,526,648
01/10/2551,882911,11,911,67,204,302,302,395
16/09/2551,012377,77,377,56,378,534,534,691
01/09/2551,695993,93,993,09,027,206,206,904
16/08/2551,380377,77,377,36,161,445,445,744
01/08/2551,850348,48,348,11,236,386,386,913
16/07/2551,257374,74,374,41,344,401,401,576
01/07/2551,943671,71,671,50,096,287,287,523
16/06/2551,729111,11,111,75,339,345,345,870
01/06/2551,414875,75,875,35,370,666,666,916
16/05/2551,329231,31,231,69,193,120,120,214
02/05/2551,453011,11,011,62,001,133,133,792
16/04/2551,982800,00,800,64,802,584,584,008
01/04/2551,012653,53,653,71,124,195,195,586
16/03/2551,074946,46,946,33,077,974,974,158
01/03/2551,936685,85,685,05,056,085,085,691
16/02/2551,137054,54,054,80,344,512,512,892
01/02/2551,212684,84,684,26,311,472,472,796
16/01/2551,556010,10,010,81,413,548,548,965
30/12/2550,595411,11,411,81,267,490,490,787
16/12/2550,513501,01,501,96,425,432,432,702
01/12/2550,113410,10,410,18,418,485,485,659
16/11/2550,562481,81,481,73,130,198,198,844
01/11/2550,927907,07,907,88,213,277,277,648
16/10/2550,032988,88,988,48,158,663,663,846
01/10/2550,430667,67,667,76,090,104,104,667
16/09/2550,499336,36,336,45,247,273,273,608
01/09/2550,331810,10,810,69,293,505,505,520
16/08/2550,476207,07,207,93,234,236,236,424
01/08/2550,429924,24,924,29,006,048,048,962
16/07/2550,527384,84,384,77,105,183,183,947
01/07/2550,565151,51,151,76,146,287,287,949
16/06/2550,393194,94,194,41,989,907,907,589
01/06/2550,836393,93,393,05,739,242,242,433
16/05/2550,232897,97,897,25,924,858,858,585
02/05/2550,430374,74,374,81,553,442,442,729
16/04/2550,405105,05,105,63,013,987,987,522
01/04/2550,622780,80,780,93,677,794,794,022
16/03/2550,876763,63,763,85,191,001,001,350
01/03/2550,742425,25,425,61,949,294,294,801
16/02/2550,277859,59,859,95,625,607,607,384
01/02/2550,769925,25,925,56,893,239,239,865
16/01/2550,838739,39,739,55,293,263,263,803
30/12/2549,778584,84,584,07,811,403,403,971
16/12/2549,147977,77,977,45,439,694,694,197
01/12/2549,270052,52,052,12,621,462,462,236
16/11/2549,562856,56,856,94,508,307,307,347
01/11/2549,910957,57,957,29,647,739,739,905
16/10/2549,264825,25,825,58,903,092,092,832
01/10/2549,952335,35,335,92,007,804,804,951
16/09/2549,217948,48,948,41,916,290,290,121
01/09/2549,381761,61,761,44,600,693,693,626
16/08/2549,977486,86,486,91,221,305,305,103
01/08/2549,238654,54,654,88,847,005,005,487
16/07/2549,512434,34,434,48,989,098,098,432
01/07/2549,952890,90,890,65,126,183,183,839
16/06/2549,100935,35,935,17,381,410,410,250
01/06/2549,810850,50,850,99,526,149,149,664
16/05/2549,100344,44,344,71,386,463,463,696
02/05/2549,024554,54,554,27,006,438,438,117
16/04/2549,038564,64,564,49,210,442,442,877
01/04/2549,738365,65,365,95,064,955,955,522
16/03/2549,936177,77,177,30,486,185,185,320
01/03/2549,582473,73,473,43,586,801,801,914
16/02/2549,317009,09,009,66,784,240,240,280
01/02/2549,412729,29,729,87,915,720,720,384
16/01/2549,432747,47,747,79,222,789,789,200
30/12/2548,492955,55,955,94,066,308,308,150
16/12/2548,449565,65,565,86,802,162,162,994
01/12/2548,388551,51,551,17,072,764,764,770
16/11/2548,742518,18,518,80,502,741,741,137
01/11/2548,970577,77,577,98,171,375,375,216
16/10/2548,041072,72,072,71,346,913,913,269
01/10/2548,766482,82,482,24,766,551,551,275
16/09/2548,214768,68,768,10,498,282,282,057
01/09/2548,316933,33,933,17,123,338,338,047
16/08/2548,475560,60,560,68,272,844,844,915
01/08/2548,961633,33,633,26,055,152,152,272
16/07/2548,477452,52,452,13,757,150,150,642
01/07/2548,009554,54,554,87,798,427,427,244
16/06/2548,793070,70,070,44,806,021,021,605
01/06/2548,176893,93,893,35,176,579,579,405
16/05/2548,867134,34,134,97,376,648,648,693
02/05/2548,772467,67,467,43,017,383,383,073
16/04/2548,119327,27,327,10,081,968,968,627
01/04/2548,815753,53,753,69,482,381,381,807
16/03/2548,196345,45,345,03,073,601,601,394
01/03/2548,800751,51,751,93,681,714,714,669
16/02/2548,816422,22,422,53,086,356,356,065
01/02/2548,540054,54,054,34,389,180,180,571
16/01/2548,335022,22,022,08,689,291,291,479
30/12/2547,168858,58,858,28,221,603,603,179
16/12/2547,479372,72,372,17,288,075,075,183
01/12/2547,504658,58,658,69,139,014,014,691
16/11/2547,754622,22,622,64,918,019,019,904
01/11/2547,185966,66,966,23,862,137,137,661
16/10/2547,355858,58,858,62,162,200,200,890
01/10/2547,110866,66,866,66,200,547,547,806
16/09/2547,923373,73,373,59,295,888,888,867
01/09/2547,096597,97,597,70,709,929,929,456
16/08/2547,335921,21,921,59,114,082,082,288
02/08/2547,868990,90,990,45,956,811,811,377
16/07/2547,205588,88,588,25,696,726,726,154
01/07/2547,312471,71,471,66,313,598,598,261
16/06/2547,208713,13,713,87,414,911,911,986
01/06/2547,614144,44,144,72,990,776,776,992
16/05/2547,589207,07,207,13,492,992,992,253
02/05/2547,653403,03,403,91,385,550,550,101
16/04/2547,705832,32,832,12,008,966,966,721
01/04/2547,196391,91,391,62,808,918,918,851
16/03/2547,615366,66,366,69,779,094,094,830
01/03/2547,697483,83,483,50,610,510,510,206
16/02/2547,698002,02,002,00,877,309,309,072
01/02/2547,216822,22,822,77,361,242,242,765
16/01/2547,731342,42,342,96,025,357,357,391
30/12/2546,739447,47,447,64,654,435,435,216
16/12/2546,177947,47,947,87,676,847,847,571
01/12/2546,991307,07,307,78,945,719,719,217
16/11/2546,238511,11,511,68,155,767,767,474
01/11/2546,941438,38,438,47,866,156,156,264
16/10/2546,305500,00,500,03,109,012,012,470
01/10/2546,912040,40,040,43,407,100,100,563
16/09/2546,600589,89,589,53,909,356,356,494
01/09/2546,187813,13,813,92,661,918,918,249
16/08/2546,354771,71,771,00,496,271,271,624
01/08/2546,766098,98,098,91,733,856,856,460
16/07/2546,679545,45,545,75,049,589,589,363
01/07/2546,461414,14,414,91,151,878,878,282
16/06/2546,389872,72,872,29,605,995,995,006
01/06/2546,766066,66,066,36,083,523,523,686
16/05/2546,552784,84,784,20,608,048,048,362
02/05/2546,135603,03,603,12,498,870,870,522
16/04/2546,892525,25,525,21,933,906,906,823
01/04/2546,933164,64,164,86,467,863,863,902
16/03/2546,653062,62,062,64,820,208,208,038
01/03/2546,441022,22,022,42,322,026,026,628
17/02/2546,455578,78,578,61,805,496,496,857
01/02/2546,456370,70,370,94,661,429,429,229
16/01/2546,977085,85,085,06,441,535,535,262
30/12/2545,895196,96,196,95,191,116,116,609
16/12/2545,019682,82,682,67,616,312,312,849
01/12/2545,968422,22,422,37,298,088,088,809
16/11/2545,915344,44,344,55,191,843,843,906
01/11/2545,505498,98,498,25,341,297,297,383
16/10/2545,428641,41,641,51,150,401,401,177
01/10/2545,802505,05,505,72,864,567,567,189
16/09/2545,156050,50,050,85,056,889,889,169
01/09/2545,994200,00,200,51,126,799,799,395
16/08/2545,120108,08,108,57,705,173,173,147
01/08/2545,493438,38,438,88,269,645,645,529
16/07/2545,340264,64,264,69,304,632,632,034
01/07/2545,481447,47,447,24,195,517,517,802
16/06/2545,073261,61,261,07,472,156,156,845
01/06/2545,161149,49,149,02,879,643,643,485
16/05/2545,598714,14,714,76,765,725,725,508
02/05/2545,590664,64,664,56,764,739,739,503
16/04/2545,522630,30,630,37,586,949,949,085
01/04/2545,990543,43,543,57,971,430,430,456
16/03/2545,659152,52,152,04,370,066,066,943
01/03/2545,805590,90,590,55,748,715,715,856
16/02/2545,330853,53,853,92,167,820,820,769
01/02/2545,633270,70,270,40,956,414,414,859
16/01/2545,709670,70,670,14,895,116,116,109
30/12/2544,729367,67,367,64,873,974,974,107
16/12/2544,224675,75,675,19,887,538,538,902
01/12/2544,737022,22,022,49,713,461,461,925
16/11/2544,685706,06,706,74,339,976,976,275
01/11/2544,683472,72,472,52,392,081,081,431
16/10/2544,975005,05,005,48,070,626,626,670
01/10/2544,104154,54,154,15,827,303,303,058
16/09/2544,616426,26,426,82,995,806,806,089
01/09/2544,119067,67,067,14,145,294,294,532
16/08/2544,690135,35,135,10,217,717,717,588
01/08/2544,180597,97,597,11,602,086,086,848
16/07/2544,820715,15,715,50,250,171,171,767
01/07/2544,107987,87,987,34,364,296,296,546
16/06/2544,762394,94,394,75,550,395,395,922
01/06/2544,113311,11,311,80,490,983,983,920
16/05/2544,091982,82,982,61,437,507,507,080
02/05/2544,205095,95,095,64,980,543,543,099
16/04/2544,140843,43,843,28,031,952,952,378
01/04/2544,640998,98,998,49,600,061,061,877
16/03/2544,633616,16,616,45,400,773,773,350
01/03/2544,836537,37,537,85,356,147,147,380
16/02/2544,621267,67,267,47,155,275,275,305
01/02/2544,454703,03,703,13,089,437,437,063
16/01/2544,737016,16,016,36,358,515,515,035
30/12/2543,119451,51,451,31,600,763,763,357
16/12/2543,969676,76,676,91,555,267,267,605
01/12/2543,887956,56,956,56,454,664,664,933
16/11/2543,565311,11,311,10,494,381,381,304
01/11/2543,093182,82,182,90,046,606,606,407
16/10/2543,620662,62,662,39,276,607,607,372
01/10/2543,290582,82,582,26,690,436,436,070
16/09/2543,046251,51,251,05,933,806,806,230
01/09/2543,437367,67,367,52,952,290,290,474
16/08/2543,459013,13,013,57,087,378,378,120
01/08/2543,267540,40,540,18,881,930,930,463
16/07/2543,931342,42,342,43,397,237,237,656
01/07/2543,674071,71,071,29,946,761,761,190
16/06/2543,825696,96,696,57,592,832,832,771
01/06/2543,592761,61,761,16,716,705,705,810
16/05/2543,009315,15,315,56,226,035,035,174
02/05/2543,070715,15,715,20,422,287,287,740
16/04/2543,836777,77,777,63,950,273,273,362
01/04/2543,963948,48,948,99,477,535,535,018
16/03/2543,164311,11,311,65,009,460,460,326
01/03/2543,997833,33,833,63,817,250,250,416
16/02/2543,729816,16,816,91,631,916,916,181
01/02/2543,530213,13,213,85,109,926,926,597
16/01/2543,442183,83,183,82,540,950,950,847
30/12/2542,051108,08,108,03,061,263,263,301
16/12/2542,139853,53,853,30,131,688,688,656
01/12/2542,669281,81,281,79,952,896,896,999
16/11/2542,764354,54,354,14,978,723,723,293
01/11/2542,561335,35,335,03,655,882,882,141
16/10/2542,410227,27,227,28,468,304,304,467
01/10/2542,830676,76,676,80,287,215,215,234
16/09/2542,807506,06,506,46,593,268,268,734
01/09/2542,591344,44,344,33,261,237,237,861
16/08/2542,340998,98,998,65,696,333,333,111
01/08/2542,056860,60,860,98,688,064,064,994
16/07/2542,070416,16,416,03,138,349,349,004
01/07/2542,386441,41,441,67,152,987,987,211
16/06/2542,278794,94,794,63,917,422,422,742
01/06/2542,077626,26,626,08,606,177,177,340
16/05/2542,618818,18,818,16,843,074,074,870
02/05/2542,691483,83,483,45,686,003,003,184
16/04/2542,625094,94,094,35,394,432,432,859
01/04/2542,479957,57,957,92,713,471,471,670
16/03/2542,577278,78,278,63,089,418,418,415
02/03/2542,660214,14,214,58,645,612,612,479
16/02/2542,307213,13,213,41,456,091,091,782
01/02/2542,342860,60,860,69,361,048,048,752
16/01/2542,190611,11,611,13,186,543,543,976
30/12/2541,464147,47,147,50,778,094,094,983
16/12/2541,181813,13,813,55,306,175,175,560
01/12/2541,836569,69,569,58,115,075,075,200
16/11/2541,270744,44,744,20,480,763,763,794
01/11/2541,920846,46,846,29,081,316,316,289
16/10/2541,261080,80,080,74,461,935,935,695
01/10/2541,987844,44,844,18,806,286,286,470
16/09/2541,065720,20,720,65,782,584,584,311
01/09/2541,872795,95,795,96,316,042,042,060
16/08/2541,081784,84,784,91,724,464,464,677
01/08/2541,748493,93,493,22,015,001,001,862
16/07/2541,599991,91,991,52,012,401,401,935
01/07/2541,595123,23,123,65,076,101,101,314
16/06/2541,858076,76,076,19,235,316,316,533
01/06/2541,820088,88,088,67,014,649,649,530
16/05/2541,840043,43,043,63,984,258,258,950
02/05/2541,663807,07,807,72,802,946,946,325
16/04/2541,146573,73,573,17,202,153,153,664
01/04/2541,496930,30,930,66,454,563,563,786
16/03/2541,572701,01,701,79,260,852,852,506
01/03/2541,236864,64,864,74,867,285,285,562
16/02/2541,612897,97,897,69,460,234,234,213
01/02/2541,665959,59,959,48,381,685,685,941
16/01/2541,947195,95,195,34,425,185,185,792
30/12/2540,675704,04,704,65,044,327,327,788
16/12/2540,294240,40,240,71,975,762,762,408
01/12/2540,241559,59,559,86,392,982,982,168
16/11/2540,875462,62,462,99,539,573,573,038
01/11/2540,974201,01,201,39,830,877,877,064
16/10/2540,405124,24,124,98,280,356,356,125
01/10/2540,444413,13,413,24,808,689,689,698
16/09/2540,527514,14,514,98,251,335,335,935
01/09/2540,083537,37,537,59,132,319,319,716
16/08/2540,156967,67,967,30,235,957,957,569
01/08/2540,054272,72,272,31,797,145,145,440
16/07/2540,509691,91,691,67,982,623,623,944
01/07/2540,676573,73,573,11,909,620,620,092
16/06/2540,537146,46,146,61,635,769,769,504
01/06/2540,643997,97,997,24,507,918,918,060
16/05/2540,088067,67,067,52,510,621,621,769
02/05/2540,388437,37,437,38,025,656,656,728
16/04/2540,551450,50,450,92,654,165,165,085
01/04/2540,617629,29,629,52,426,162,162,015
16/03/2540,100474,74,474,36,444,822,822,214
01/03/2540,976779,79,779,98,148,414,414,364
16/02/2540,499884,84,884,94,716,247,247,315
01/02/2540,750792,92,792,57,402,771,771,079
16/01/2540,151995,95,995,47,612,257,257,381
30/12/2539,879454,54,454,26,879,314,314,584
16/12/2539,593856,56,856,44,381,755,755,438
01/12/2539,179528,28,528,66,822,365,365,566
16/11/2539,951088,88,088,21,168,349,349,577
01/11/2539,512694,94,694,24,290,432,432,964
16/10/2539,198019,19,019,18,082,270,270,824
01/10/2539,947788,88,788,97,089,166,166,484
16/09/2539,814368,68,368,59,889,818,818,400
01/09/2539,470136,36,136,02,392,666,666,501
16/08/2539,352768,68,768,19,389,932,932,875
01/08/2539,151091,91,091,61,646,650,650,669
16/07/2539,332687,87,687,91,771,547,547,010
01/07/2539,625379,79,379,76,666,298,298,543
16/06/2539,318311,11,311,21,649,118,118,916
01/06/2539,869656,56,656,81,422,126,126,584
17/05/2539,978140,40,140,75,321,443,443,523
02/05/2539,247351,51,351,54,175,234,234,978
16/04/2539,049584,84,584,77,435,222,222,052
01/04/2539,660765,65,765,90,701,338,338,278
16/03/2539,019128,28,128,27,673,796,796,526
01/03/2539,304855,55,855,72,760,664,664,945
16/02/2539,681455,55,455,49,977,664,664,779
01/02/2539,256556,56,556,26,906,705,705,994
16/01/2539,318302,02,302,21,882,444,444,971
30/12/2538,327686,86,686,04,748,456,456,928
16/12/2538,952808,08,808,68,732,540,540,064
01/12/2538,714426,26,426,74,516,427,427,073
16/11/2538,239422,22,422,85,078,883,883,756
01/11/2538,282069,69,069,07,962,564,564,393
16/10/2538,322154,54,154,86,924,192,192,233
01/10/2538,317092,92,092,76,139,819,819,296
16/09/2538,876454,54,454,51,558,297,297,802
01/09/2538,620837,37,837,83,693,872,872,644
16/08/2538,265333,33,333,51,235,455,455,342
01/08/2538,464819,19,819,59,070,274,274,293
16/07/2538,248122,22,122,96,571,085,085,758
01/07/2538,939901,01,901,19,428,940,940,879
16/06/2538,046698,98,698,82,678,785,785,393
01/06/2538,105615,15,615,17,374,735,735,688
17/05/2538,220381,81,381,55,460,597,597,488
02/05/2538,504692,92,692,88,304,886,886,273
16/04/2538,053581,81,581,99,560,968,968,376
01/04/2538,427039,39,039,06,254,926,926,978
16/03/2538,646847,47,847,67,225,044,044,220
01/03/2538,411454,54,454,71,034,019,019,152
16/02/2538,869070,70,070,95,828,597,597,126
01/02/2538,198162,62,162,48,195,087,087,574
16/01/2538,922388,88,388,40,186,667,667,002
30/12/2537,628406,96,906,99,079,871,871,974
16/12/2537,510004,04,004,05,065,412,412,654
01/12/2537,683268,18,168,10,234,292,292,804
16/11/2537,609584,94,984,98,250,490,490,581
01/11/2537,167677,97,977,97,611,036,036,684
16/10/2537,758304,84,804,87,916,529,529,802
01/10/2537,712844,24,244,22,362,325,325,924
16/09/2537,478193,13,193,18,804,625,625,488
01/09/2537,622089,39,389,36,789,171,171,970
16/08/2537,650476,06,076,02,830,372,372,767
01/08/2537,311405,75,705,78,539,614,614,675
16/07/2537,596289,19,189,17,442,468,468,862
01/07/2537,656826,76,726,73,937,290,290,844
16/06/2537,194735,55,535,55,330,258,258,466
01/06/2537,356080,40,480,41,747,456,456,916
16/05/2537,207176,46,476,42,909,354,354,574
02/05/2537,307287,77,787,76,953,531,531,052
16/04/2537,789391,31,391,32,178,598,598,159
01/04/2537,426981,51,581,52,967,503,503,486
16/03/2537,172333,63,633,61,938,216,216,518
01/03/2537,337373,13,173,14,108,263,263,882
16/02/2537,767904,44,404,47,694,352,352,348
01/02/2537,598468,58,568,50,517,374,374,839
16/01/2537,479127,07,027,02,387,323,323,570
30/12/2536,266918,98,918,97,287,490,490,903
16/12/2536,404350,00,050,06,964,615,615,825
01/12/2536,367063,83,863,89,829,413,413,960
16/11/2536,751512,32,312,38,241,050,050,411
01/11/2536,390894,04,094,09,470,110,110,562
16/10/2536,761176,46,476,45,825,421,421,456
01/10/2536,341597,37,397,32,648,940,940,868
16/09/2536,428675,55,575,51,129,696,696,050
01/09/2536,281209,69,609,60,073,822,822,121
16/08/2536,408864,44,464,48,603,026,026,003
01/08/2536,413774,44,474,40,627,377,377,690
16/07/2536,568606,16,106,12,186,587,587,281
01/07/2536,382020,30,320,32,972,918,918,621
16/06/2536,211987,17,187,13,914,695,695,122
01/06/2536,348847,77,747,76,181,364,364,181
16/05/2536,163398,38,398,35,310,974,974,260
02/05/2536,774950,80,850,89,953,291,291,178
16/04/2536,563201,81,801,80,926,599,599,020
01/04/2536,582555,85,855,88,985,925,925,021
16/03/2536,768069,99,969,99,855,454,454,150
01/03/2536,400628,18,128,11,944,996,996,549
16/02/2536,754945,55,545,54,116,503,503,003
01/02/2536,745933,73,733,72,117,176,176,798
16/01/2536,542381,61,681,62,541,933,933,762
30/12/2535,666215,05,015,02,351,056,056,079
16/12/2535,482653,13,153,19,294,560,560,385
01/12/2535,712092,72,792,76,501,940,940,306
16/11/2535,368568,28,268,24,522,363,363,929
01/11/2535,626782,12,182,13,587,926,926,904
16/10/2535,357699,39,399,37,941,231,231,796
01/10/2535,637957,87,857,87,175,276,276,430
16/09/2535,687410,80,810,88,822,112,112,062
01/09/2535,144661,51,561,56,806,030,030,505
16/08/2535,623460,70,760,79,197,825,825,215
01/08/2535,669777,87,877,88,671,293,293,357
16/07/2535,795443,03,043,08,749,232,232,633
01/07/2535,511996,86,896,85,699,981,981,170
16/06/2535,556943,23,243,29,239,288,288,422
01/06/2535,518419,19,119,12,916,935,935,572
16/05/2535,282749,69,649,65,933,373,373,689
02/05/2535,576539,79,739,78,607,944,944,210
16/04/2535,269937,47,437,41,083,666,666,932
01/04/2535,224470,40,470,40,362,486,486,324
16/03/2535,121835,35,335,34,800,457,457,373
01/03/2535,729152,42,452,46,087,090,090,423
16/02/2535,186870,10,170,19,464,184,184,959
01/02/2535,598692,42,492,46,393,695,695,394
16/01/2535,114942,82,842,81,803,454,454,213
30/12/2534,320830,10,130,17,631,808,808,291
16/12/2534,724143,63,643,68,861,366,366,759
01/12/2534,147074,14,174,10,554,079,079,660
16/11/2534,437352,82,852,80,897,947,947,764
01/11/2534,789428,58,528,57,851,653,653,327
16/10/2534,207820,20,220,23,858,556,556,831
01/10/2534,273044,44,444,49,697,831,831,792
16/09/2534,479044,94,944,91,811,429,429,038
01/09/2534,670043,03,043,04,908,123,123,111
16/08/2534,374655,15,155,18,984,537,537,418
01/08/2534,658054,14,154,11,145,950,950,394
16/07/2534,167194,64,694,66,282,284,284,188
01/07/2534,444172,42,472,45,877,113,113,676
16/06/2534,536463,23,263,29,137,078,078,126
01/06/2534,249637,67,637,67,731,830,830,580
16/05/2534,253230,30,330,36,393,126,126,880
02/05/2534,422212,42,412,46,353,629,629,083
16/04/2534,482403,73,703,75,756,571,571,020
01/04/2534,160686,46,486,40,381,941,941,300
16/03/2534,589164,14,164,15,954,071,071,786
01/03/2534,459807,67,607,67,295,078,078,692
16/02/2534,322378,08,078,03,399,265,265,259
01/02/2534,539649,69,649,67,507,945,945,808
16/01/2534,532873,63,673,62,964,964,964,538
30/12/2533,219094,94,994,90,551,636,636,096
16/12/2533,440779,99,979,92,170,835,835,123
01/12/2533,477194,44,494,48,823,758,758,244
16/11/2533,122653,63,653,60,642,602,602,105
01/11/2533,438023,03,023,08,269,451,451,982
16/10/2533,562630,30,330,35,635,192,192,343
01/10/2533,573880,80,880,83,704,397,397,874
16/09/2533,520239,09,039,05,546,121,121,574
01/09/2533,162238,08,038,08,386,293,293,163
16/08/2533,167193,53,593,54,332,574,574,164
01/08/2533,186718,58,518,59,257,907,907,344
16/07/2533,381417,87,817,81,134,261,261,277
01/07/2533,107683,53,583,54,304,364,364,829
16/06/2533,353034,44,434,46,587,814,814,837
01/06/2533,235547,47,447,47,211,811,811,749
16/05/2533,507127,27,227,23,456,581,581,246
02/05/2533,589886,86,886,80,118,664,664,807
16/04/2533,509289,09,089,08,466,405,405,248
01/04/2533,473425,15,125,13,930,163,163,571
16/03/2533,324020,50,520,58,844,327,327,555
01/03/2533,496890,20,290,21,562,445,445,756
16/02/2533,373289,29,289,20,188,959,959,660
01/02/2533,107849,69,649,68,275,648,648,910
16/01/2533,399223,93,923,99,789,823,823,828
